{
  "Workflows": [
    {
      "Path": null,
      "SortBy": 0,
      "VariablesSectionElementsOrder": [],
      "ArgumentsSectionElementsOrder": null,
      "ConstantsSectionElementsOrder": [],
      "AddedNamespaces": null
    },
    {
      "Path": "Main.xaml",
      "SortBy": 0,
      "VariablesSectionElementsOrder": [
        "JD_Text&Sequence_1",
        "ResponceContent&Sequence_1",
        "ResponceCode&Sequence_1",
        "UpdatedBody&Sequence_1",
        "jsonObject&Sequence_1",
        "jsonString&Sequence_1",
        "innerJsonObject&Sequence_1",
        "BodyText&Sequence_1",
        "Pdf_text&Sequence_1"
      ],
      "ArgumentsSectionElementsOrder": [
        "EmailAddress",
        "ContactNumber",
        "TotalYearsOfExperience",
        "Skills",
        "Possible_Interview_Questions",
        "MatchPercentage",
        "CandidateName",
        "In_PDF_File_Path",
        "in_CustomerID"
      ],
      "ConstantsSectionElementsOrder": [],
      "AddedNamespaces": null
    }
  ]
}